/*
 Navicat Premium Data Transfer

 Source Server         : MySql
 Source Server Type    : MySQL
 Source Server Version : 80028 (8.0.28)
 Source Host           : localhost:3306
 Source Schema         : competition_website

 Target Server Type    : MySQL
 Target Server Version : 80028 (8.0.28)
 File Encoding         : 65001

 Date: 26/02/2023 19:24:02
*/

SET NAMES utf8mb4;
SET FOREIGN_KEY_CHECKS = 0;

-- ----------------------------
-- Table structure for competition
-- ----------------------------
DROP TABLE IF EXISTS `competition`;
CREATE TABLE `competition`  (
  `id` bigint NOT NULL,
  `organizer_id` bigint NOT NULL,
  `url` varchar(255) CHARACTER SET utf8mb4 COLLATE utf8mb4_0900_ai_ci NULL DEFAULT NULL,
  `poster` varchar(255) CHARACTER SET utf8mb4 COLLATE utf8mb4_0900_ai_ci NULL DEFAULT NULL,
  `title` varchar(255) CHARACTER SET utf8mb4 COLLATE utf8mb4_0900_ai_ci NULL DEFAULT NULL,
  `summary` text CHARACTER SET utf8mb4 COLLATE utf8mb4_0900_ai_ci NULL,
  `scale` tinyint NULL DEFAULT NULL,
  `registration_number` int NULL DEFAULT NULL,
  `release_date` timestamp NULL DEFAULT NULL,
  `registration_date` timestamp NULL DEFAULT NULL,
  `submit_date` timestamp NULL DEFAULT NULL,
  `review_date` timestamp NULL DEFAULT NULL,
  `result_date` timestamp NULL DEFAULT NULL,
  `detail` text CHARACTER SET utf8mb4 COLLATE utf8mb4_0900_ai_ci NULL,
  `entry_guidelines` text CHARACTER SET utf8mb4 COLLATE utf8mb4_0900_ai_ci NULL,
  `result` text CHARACTER SET utf8mb4 COLLATE utf8mb4_0900_ai_ci NULL,
  PRIMARY KEY (`id`) USING BTREE
) ENGINE = InnoDB CHARACTER SET = utf8mb4 COLLATE = utf8mb4_0900_ai_ci ROW_FORMAT = Dynamic;

-- ----------------------------
-- Records of competition
-- ----------------------------
INSERT INTO `competition` VALUES (1534409710533468162, 1534400766566064131, NULL, 'https://competition-website.oss-cn-nanjing.aliyuncs.com/competition/poster/26939294c06c4130b791106ebec85b16.jpg', '2021第八届“中装杯”全国大学生环境设计大赛', '“中装杯”全国大学生环境设计大赛，是一项面向全国在校环境设计类专业学生的公益性大赛，自2013年首届在清华大学启动以来，已连续成功举办七届。七届大赛共覆盖院校近1000所，逾六万名学生参与，已成为具有广泛影响力的高校学生设计赛事。', 2, NULL, '2022-06-08 00:00:00', '2022-06-09 00:00:00', '2022-06-10 00:00:00', '2022-06-11 00:00:00', '2022-06-19 00:00:00', '<h1 align=\"center\">Markdown Editor built on Vue</h1>\n\n<p align=\"center\">\n  <a href=\"https://npmcharts.com/compare/@kangc/v-md-editor?minimal=true\"><img src=\"https://img.shields.io/npm/dm/@kangc/v-md-editor.svg?sanitize=true\" alt=\"Downloads\"></a>\n  <a href=\"https://www.npmjs.com/package/@kangc/v-md-editor\"><img src=\"https://img.shields.io/npm/v/@kangc/v-md-editor.svg?sanitize=true\" alt=\"Version\"></a>\n  <a href=\"https://www.npmjs.com/package/@kangc/v-md-editor\"><img src=\"https://img.shields.io/npm/l/@kangc/v-md-editor.svg?sanitize=true\" alt=\"License\"></a>\n</p>\n\n## Links\n\n- [Demo](https://code-farmer-i.github.io/vue-markdown-editor/examples/base-editor.html)\n- [Documentation](https://code-farmer-i.github.io/vue-markdown-editor/)\n- [Changelog](https://code-farmer-i.github.io/vue-markdown-editor/changelog.html)\n\n## Install\n\n```bash\n# use npm\nnpm i @kangc/v-md-editor -S\n\n# use yarn\nyarn add @kangc/v-md-editor\n```\n\n## Quick Start\n\n```js\nimport Vue from \'vue\';\nimport VueMarkdownEditor from \'@kangc/v-md-editor\';\nimport \'@kangc/v-md-editor/lib/style/base-editor.css\';\nimport vuepressTheme from \'@kangc/v-md-editor/lib/theme/vuepress.js\';\n\nVueMarkdownEditor.use(vuepressTheme);\n\nVue.use(VueMarkdownEditor);\n```\n\n## Usage\n\n```html\n<template>\n  <v-md-editor v-model=\"text\" height=\"400px\"></v-md-editor>\n</template>\n\n<script>\n  export default {\n    data() {\n      return {\n        text: \'\',\n      };\n    },\n  };\n</script>\n```\n\n## Refrence\n\n- [ElementUi Scrollbar Component](https://github.com/ElemeFE/element/tree/dev/packages/scrollbar)\n- [vuepress-plugin-container](https://vuepress.github.io/zh/plugins/container/)\n', '<h1 align=\"center\">Markdown Editor built on Vue</h1>\n\n<p align=\"center\">\n  <a href=\"https://npmcharts.com/compare/@kangc/v-md-editor?minimal=true\"><img src=\"https://img.shields.io/npm/dm/@kangc/v-md-editor.svg?sanitize=true\" alt=\"Downloads\"></a>\n  <a href=\"https://www.npmjs.com/package/@kangc/v-md-editor\"><img src=\"https://img.shields.io/npm/v/@kangc/v-md-editor.svg?sanitize=true\" alt=\"Version\"></a>\n  <a href=\"https://www.npmjs.com/package/@kangc/v-md-editor\"><img src=\"https://img.shields.io/npm/l/@kangc/v-md-editor.svg?sanitize=true\" alt=\"License\"></a>\n</p>\n\n## Links\n\n- [Demo](https://code-farmer-i.github.io/vue-markdown-editor/examples/base-editor.html)\n- [Documentation](https://code-farmer-i.github.io/vue-markdown-editor/)\n- [Changelog](https://code-farmer-i.github.io/vue-markdown-editor/changelog.html)\n\n## Install\n\n```bash\n# use npm\nnpm i @kangc/v-md-editor -S\n\n# use yarn\nyarn add @kangc/v-md-editor\n```\n\n## Quick Start\n\n```js\nimport Vue from \'vue\';\nimport VueMarkdownEditor from \'@kangc/v-md-editor\';\nimport \'@kangc/v-md-editor/lib/style/base-editor.css\';\nimport vuepressTheme from \'@kangc/v-md-editor/lib/theme/vuepress.js\';\n\nVueMarkdownEditor.use(vuepressTheme);\n\nVue.use(VueMarkdownEditor);\n```\n\n## Usage\n\n```html\n<template>\n  <v-md-editor v-model=\"text\" height=\"400px\"></v-md-editor>\n</template>\n\n<script>\n  export default {\n    data() {\n      return {\n        text: \'\',\n      };\n    },\n  };\n</script>\n```\n\n## Refrence\n\n- [ElementUi Scrollbar Component](https://github.com/ElemeFE/element/tree/dev/packages/scrollbar)\n- [vuepress-plugin-container](https://vuepress.github.io/zh/plugins/container/)\n', '# 结果尚未公布');
INSERT INTO `competition` VALUES (1534412515545468929, 1534400766566064131, NULL, 'https://competition-website.oss-cn-nanjing.aliyuncs.com/competition/poster/8f155686b48143e38578bdc28450467c.jpg', '2021第八届“中装杯”全国大学生环境设计大赛', '“中装杯”全国大学生环境设计大赛，是一项面向全国在校环境设计类专业学生的公益性大赛，自2013年首届在清华大学启动以来，已连续成功举办七届。七届大赛共覆盖院校近1000所，逾六万名学生参与，已成为具有广泛影响力的高校学生设计赛事。', 1, NULL, '2022-06-06 00:00:00', '2022-06-07 00:00:00', '2022-06-07 00:00:00', '2022-06-07 00:00:00', '2022-06-08 00:00:00', '<h1 align=\"center\">Markdown Editor built on Vue</h1>\n\n<p align=\"center\">\n  <a href=\"https://npmcharts.com/compare/@kangc/v-md-editor?minimal=true\"><img src=\"https://img.shields.io/npm/dm/@kangc/v-md-editor.svg?sanitize=true\" alt=\"Downloads\"></a>\n  <a href=\"https://www.npmjs.com/package/@kangc/v-md-editor\"><img src=\"https://img.shields.io/npm/v/@kangc/v-md-editor.svg?sanitize=true\" alt=\"Version\"></a>\n  <a href=\"https://www.npmjs.com/package/@kangc/v-md-editor\"><img src=\"https://img.shields.io/npm/l/@kangc/v-md-editor.svg?sanitize=true\" alt=\"License\"></a>\n</p>\n\n## Links\n\n- [Demo](https://code-farmer-i.github.io/vue-markdown-editor/examples/base-editor.html)\n- [Documentation](https://code-farmer-i.github.io/vue-markdown-editor/)\n- [Changelog](https://code-farmer-i.github.io/vue-markdown-editor/changelog.html)\n\n## Install\n\n```bash\n# use npm\nnpm i @kangc/v-md-editor -S\n\n# use yarn\nyarn add @kangc/v-md-editor\n```\n\n## Quick Start\n\n```js\nimport Vue from \'vue\';\nimport VueMarkdownEditor from \'@kangc/v-md-editor\';\nimport \'@kangc/v-md-editor/lib/style/base-editor.css\';\nimport vuepressTheme from \'@kangc/v-md-editor/lib/theme/vuepress.js\';\n\nVueMarkdownEditor.use(vuepressTheme);\n\nVue.use(VueMarkdownEditor);\n```\n\n## Usage\n\n```html\n<template>\n  <v-md-editor v-model=\"text\" height=\"400px\"></v-md-editor>\n</template>\n\n<script>\n  export default {\n    data() {\n      return {\n        text: \'\',\n      };\n    },\n  };\n</script>\n```\n\n## Refrence\n\n- [ElementUi Scrollbar Component](https://github.com/ElemeFE/element/tree/dev/packages/scrollbar)\n- [vuepress-plugin-container](https://vuepress.github.io/zh/plugins/container/)\n', '<h1 align=\"center\">Markdown Editor built on Vue</h1>\n\n<p align=\"center\">\n  <a href=\"https://npmcharts.com/compare/@kangc/v-md-editor?minimal=true\"><img src=\"https://img.shields.io/npm/dm/@kangc/v-md-editor.svg?sanitize=true\" alt=\"Downloads\"></a>\n  <a href=\"https://www.npmjs.com/package/@kangc/v-md-editor\"><img src=\"https://img.shields.io/npm/v/@kangc/v-md-editor.svg?sanitize=true\" alt=\"Version\"></a>\n  <a href=\"https://www.npmjs.com/package/@kangc/v-md-editor\"><img src=\"https://img.shields.io/npm/l/@kangc/v-md-editor.svg?sanitize=true\" alt=\"License\"></a>\n</p>\n\n## Links\n\n- [Demo](https://code-farmer-i.github.io/vue-markdown-editor/examples/base-editor.html)\n- [Documentation](https://code-farmer-i.github.io/vue-markdown-editor/)\n- [Changelog](https://code-farmer-i.github.io/vue-markdown-editor/changelog.html)\n\n## Install\n\n```bash\n# use npm\nnpm i @kangc/v-md-editor -S\n\n# use yarn\nyarn add @kangc/v-md-editor\n```\n\n## Quick Start\n\n```js\nimport Vue from \'vue\';\nimport VueMarkdownEditor from \'@kangc/v-md-editor\';\nimport \'@kangc/v-md-editor/lib/style/base-editor.css\';\nimport vuepressTheme from \'@kangc/v-md-editor/lib/theme/vuepress.js\';\n\nVueMarkdownEditor.use(vuepressTheme);\n\nVue.use(VueMarkdownEditor);\n```\n\n## Usage\n\n```html\n<template>\n  <v-md-editor v-model=\"text\" height=\"400px\"></v-md-editor>\n</template>\n\n<script>\n  export default {\n    data() {\n      return {\n        text: \'\',\n      };\n    },\n  };\n</script>\n```\n\n## Refrence\n\n- [ElementUi Scrollbar Component](https://github.com/ElemeFE/element/tree/dev/packages/scrollbar)\n- [vuepress-plugin-container](https://vuepress.github.io/zh/plugins/container/)\n', '# 结果尚未公布');

-- ----------------------------
-- Table structure for notification
-- ----------------------------
DROP TABLE IF EXISTS `notification`;
CREATE TABLE `notification`  (
  `id` bigint NOT NULL,
  `publish_id` bigint NOT NULL,
  `classification` tinyint NULL DEFAULT 0,
  `title` varchar(255) CHARACTER SET utf8mb4 COLLATE utf8mb4_0900_ai_ci NULL DEFAULT NULL,
  `reading_number` int NULL DEFAULT 0,
  `publish_date` timestamp NULL DEFAULT NULL,
  `context` text CHARACTER SET utf8mb4 COLLATE utf8mb4_0900_ai_ci NULL,
  PRIMARY KEY (`id`) USING BTREE,
  INDEX `publish_id`(`publish_id` ASC) USING BTREE,
  CONSTRAINT `publish_id` FOREIGN KEY (`publish_id`) REFERENCES `users` (`id`) ON DELETE RESTRICT ON UPDATE RESTRICT
) ENGINE = InnoDB CHARACTER SET = utf8mb4 COLLATE = utf8mb4_0900_ai_ci ROW_FORMAT = Dynamic;

-- ----------------------------
-- Records of notification
-- ----------------------------
INSERT INTO `notification` VALUES (1534402560184578050, 1534400766566064131, 0, '武汉理工大学关于开展2021年全国普通高校大学生竞赛质量提升行动的通知', 23, '2022-06-08 13:10:53', 'null<h1 align=\"center\">Markdown Editor built on Vue</h1>\r\n\r\n<p align=\"center\">\r\n  <a href=\"https://npmcharts.com/compare/@kangc/v-md-editor?minimal=true\"><img src=\"https://img.shields.io/npm/dm/@kangc/v-md-editor.svg?sanitize=true\" alt=\"Downloads\"></a>\r\n  <a href=\"https://www.npmjs.com/package/@kangc/v-md-editor\"><img src=\"https://img.shields.io/npm/v/@kangc/v-md-editor.svg?sanitize=true\" alt=\"Version\"></a>\r\n  <a href=\"https://www.npmjs.com/package/@kangc/v-md-editor\"><img src=\"https://img.shields.io/npm/l/@kangc/v-md-editor.svg?sanitize=true\" alt=\"License\"></a>\r\n</p>\r\n\r\n## Links\r\n\r\n- [Demo](https://code-farmer-i.github.io/vue-markdown-editor/examples/base-editor.html)\r\n- [Documentation](https://code-farmer-i.github.io/vue-markdown-editor/)\r\n- [Changelog](https://code-farmer-i.github.io/vue-markdown-editor/changelog.html)\r\n\r\n## Install\r\n\r\n```bash\r\n# use npm\r\nnpm i @kangc/v-md-editor -S\r\n\r\n# use yarn\r\nyarn add @kangc/v-md-editor\r\n```\r\n\r\n## Quick Start\r\n\r\n```js\r\nimport Vue from \'vue\';\r\nimport VueMarkdownEditor from \'@kangc/v-md-editor\';\r\nimport \'@kangc/v-md-editor/lib/style/base-editor.css\';\r\nimport vuepressTheme from \'@kangc/v-md-editor/lib/theme/vuepress.js\';\r\n\r\nVueMarkdownEditor.use(vuepressTheme);\r\n\r\nVue.use(VueMarkdownEditor);\r\n```\r\n\r\n## Usage\r\n\r\n```html\r\n<template>\r\n  <v-md-editor v-model=\"text\" height=\"400px\"></v-md-editor>\r\n</template>\r\n\r\n<script>\r\n  export default {\r\n    data() {\r\n      return {\r\n        text: \'\',\r\n      };\r\n    },\r\n  };\r\n</script>\r\n```\r\n\r\n## Refrence\r\n\r\n- [ElementUi Scrollbar Component](https://github.com/ElemeFE/element/tree/dev/packages/scrollbar)\r\n- [vuepress-plugin-container](https://vuepress.github.io/zh/plugins/container/)\r\n');
INSERT INTO `notification` VALUES (1534402561577086977, 1534400766566064131, 0, '武汉理工大学关于开展2021年全国普通高校大学生竞赛质量提升行动的通知', 20, '2022-06-08 13:10:53', 'null<h1 align=\"center\">Markdown Editor built on Vue</h1>\r\n\r\n<p align=\"center\">\r\n  <a href=\"https://npmcharts.com/compare/@kangc/v-md-editor?minimal=true\"><img src=\"https://img.shields.io/npm/dm/@kangc/v-md-editor.svg?sanitize=true\" alt=\"Downloads\"></a>\r\n  <a href=\"https://www.npmjs.com/package/@kangc/v-md-editor\"><img src=\"https://img.shields.io/npm/v/@kangc/v-md-editor.svg?sanitize=true\" alt=\"Version\"></a>\r\n  <a href=\"https://www.npmjs.com/package/@kangc/v-md-editor\"><img src=\"https://img.shields.io/npm/l/@kangc/v-md-editor.svg?sanitize=true\" alt=\"License\"></a>\r\n</p>\r\n\r\n## Links\r\n\r\n- [Demo](https://code-farmer-i.github.io/vue-markdown-editor/examples/base-editor.html)\r\n- [Documentation](https://code-farmer-i.github.io/vue-markdown-editor/)\r\n- [Changelog](https://code-farmer-i.github.io/vue-markdown-editor/changelog.html)\r\n\r\n## Install\r\n\r\n```bash\r\n# use npm\r\nnpm i @kangc/v-md-editor -S\r\n\r\n# use yarn\r\nyarn add @kangc/v-md-editor\r\n```\r\n\r\n## Quick Start\r\n\r\n```js\r\nimport Vue from \'vue\';\r\nimport VueMarkdownEditor from \'@kangc/v-md-editor\';\r\nimport \'@kangc/v-md-editor/lib/style/base-editor.css\';\r\nimport vuepressTheme from \'@kangc/v-md-editor/lib/theme/vuepress.js\';\r\n\r\nVueMarkdownEditor.use(vuepressTheme);\r\n\r\nVue.use(VueMarkdownEditor);\r\n```\r\n\r\n## Usage\r\n\r\n```html\r\n<template>\r\n  <v-md-editor v-model=\"text\" height=\"400px\"></v-md-editor>\r\n</template>\r\n\r\n<script>\r\n  export default {\r\n    data() {\r\n      return {\r\n        text: \'\',\r\n      };\r\n    },\r\n  };\r\n</script>\r\n```\r\n\r\n## Refrence\r\n\r\n- [ElementUi Scrollbar Component](https://github.com/ElemeFE/element/tree/dev/packages/scrollbar)\r\n- [vuepress-plugin-container](https://vuepress.github.io/zh/plugins/container/)\r\n');
INSERT INTO `notification` VALUES (1534402561644195842, 1534400766566064131, 0, '武汉理工大学关于开展2021年全国普通高校大学生竞赛质量提升行动的通知', 20, '2022-06-08 13:10:53', 'null<h1 align=\"center\">Markdown Editor built on Vue</h1>\r\n\r\n<p align=\"center\">\r\n  <a href=\"https://npmcharts.com/compare/@kangc/v-md-editor?minimal=true\"><img src=\"https://img.shields.io/npm/dm/@kangc/v-md-editor.svg?sanitize=true\" alt=\"Downloads\"></a>\r\n  <a href=\"https://www.npmjs.com/package/@kangc/v-md-editor\"><img src=\"https://img.shields.io/npm/v/@kangc/v-md-editor.svg?sanitize=true\" alt=\"Version\"></a>\r\n  <a href=\"https://www.npmjs.com/package/@kangc/v-md-editor\"><img src=\"https://img.shields.io/npm/l/@kangc/v-md-editor.svg?sanitize=true\" alt=\"License\"></a>\r\n</p>\r\n\r\n## Links\r\n\r\n- [Demo](https://code-farmer-i.github.io/vue-markdown-editor/examples/base-editor.html)\r\n- [Documentation](https://code-farmer-i.github.io/vue-markdown-editor/)\r\n- [Changelog](https://code-farmer-i.github.io/vue-markdown-editor/changelog.html)\r\n\r\n## Install\r\n\r\n```bash\r\n# use npm\r\nnpm i @kangc/v-md-editor -S\r\n\r\n# use yarn\r\nyarn add @kangc/v-md-editor\r\n```\r\n\r\n## Quick Start\r\n\r\n```js\r\nimport Vue from \'vue\';\r\nimport VueMarkdownEditor from \'@kangc/v-md-editor\';\r\nimport \'@kangc/v-md-editor/lib/style/base-editor.css\';\r\nimport vuepressTheme from \'@kangc/v-md-editor/lib/theme/vuepress.js\';\r\n\r\nVueMarkdownEditor.use(vuepressTheme);\r\n\r\nVue.use(VueMarkdownEditor);\r\n```\r\n\r\n## Usage\r\n\r\n```html\r\n<template>\r\n  <v-md-editor v-model=\"text\" height=\"400px\"></v-md-editor>\r\n</template>\r\n\r\n<script>\r\n  export default {\r\n    data() {\r\n      return {\r\n        text: \'\',\r\n      };\r\n    },\r\n  };\r\n</script>\r\n```\r\n\r\n## Refrence\r\n\r\n- [ElementUi Scrollbar Component](https://github.com/ElemeFE/element/tree/dev/packages/scrollbar)\r\n- [vuepress-plugin-container](https://vuepress.github.io/zh/plugins/container/)\r\n');
INSERT INTO `notification` VALUES (1534402561644195843, 1534400766566064131, 0, '武汉理工大学关于开展2021年全国普通高校大学生竞赛质量提升行动的通知', 20, '2022-06-08 13:10:53', 'null<h1 align=\"center\">Markdown Editor built on Vue</h1>\r\n\r\n<p align=\"center\">\r\n  <a href=\"https://npmcharts.com/compare/@kangc/v-md-editor?minimal=true\"><img src=\"https://img.shields.io/npm/dm/@kangc/v-md-editor.svg?sanitize=true\" alt=\"Downloads\"></a>\r\n  <a href=\"https://www.npmjs.com/package/@kangc/v-md-editor\"><img src=\"https://img.shields.io/npm/v/@kangc/v-md-editor.svg?sanitize=true\" alt=\"Version\"></a>\r\n  <a href=\"https://www.npmjs.com/package/@kangc/v-md-editor\"><img src=\"https://img.shields.io/npm/l/@kangc/v-md-editor.svg?sanitize=true\" alt=\"License\"></a>\r\n</p>\r\n\r\n## Links\r\n\r\n- [Demo](https://code-farmer-i.github.io/vue-markdown-editor/examples/base-editor.html)\r\n- [Documentation](https://code-farmer-i.github.io/vue-markdown-editor/)\r\n- [Changelog](https://code-farmer-i.github.io/vue-markdown-editor/changelog.html)\r\n\r\n## Install\r\n\r\n```bash\r\n# use npm\r\nnpm i @kangc/v-md-editor -S\r\n\r\n# use yarn\r\nyarn add @kangc/v-md-editor\r\n```\r\n\r\n## Quick Start\r\n\r\n```js\r\nimport Vue from \'vue\';\r\nimport VueMarkdownEditor from \'@kangc/v-md-editor\';\r\nimport \'@kangc/v-md-editor/lib/style/base-editor.css\';\r\nimport vuepressTheme from \'@kangc/v-md-editor/lib/theme/vuepress.js\';\r\n\r\nVueMarkdownEditor.use(vuepressTheme);\r\n\r\nVue.use(VueMarkdownEditor);\r\n```\r\n\r\n## Usage\r\n\r\n```html\r\n<template>\r\n  <v-md-editor v-model=\"text\" height=\"400px\"></v-md-editor>\r\n</template>\r\n\r\n<script>\r\n  export default {\r\n    data() {\r\n      return {\r\n        text: \'\',\r\n      };\r\n    },\r\n  };\r\n</script>\r\n```\r\n\r\n## Refrence\r\n\r\n- [ElementUi Scrollbar Component](https://github.com/ElemeFE/element/tree/dev/packages/scrollbar)\r\n- [vuepress-plugin-container](https://vuepress.github.io/zh/plugins/container/)\r\n');
INSERT INTO `notification` VALUES (1534402561707110401, 1534400766566064131, 0, '武汉理工大学关于开展2021年全国普通高校大学生竞赛质量提升行动的通知', 20, '2022-06-08 13:10:53', 'null<h1 align=\"center\">Markdown Editor built on Vue</h1>\r\n\r\n<p align=\"center\">\r\n  <a href=\"https://npmcharts.com/compare/@kangc/v-md-editor?minimal=true\"><img src=\"https://img.shields.io/npm/dm/@kangc/v-md-editor.svg?sanitize=true\" alt=\"Downloads\"></a>\r\n  <a href=\"https://www.npmjs.com/package/@kangc/v-md-editor\"><img src=\"https://img.shields.io/npm/v/@kangc/v-md-editor.svg?sanitize=true\" alt=\"Version\"></a>\r\n  <a href=\"https://www.npmjs.com/package/@kangc/v-md-editor\"><img src=\"https://img.shields.io/npm/l/@kangc/v-md-editor.svg?sanitize=true\" alt=\"License\"></a>\r\n</p>\r\n\r\n## Links\r\n\r\n- [Demo](https://code-farmer-i.github.io/vue-markdown-editor/examples/base-editor.html)\r\n- [Documentation](https://code-farmer-i.github.io/vue-markdown-editor/)\r\n- [Changelog](https://code-farmer-i.github.io/vue-markdown-editor/changelog.html)\r\n\r\n## Install\r\n\r\n```bash\r\n# use npm\r\nnpm i @kangc/v-md-editor -S\r\n\r\n# use yarn\r\nyarn add @kangc/v-md-editor\r\n```\r\n\r\n## Quick Start\r\n\r\n```js\r\nimport Vue from \'vue\';\r\nimport VueMarkdownEditor from \'@kangc/v-md-editor\';\r\nimport \'@kangc/v-md-editor/lib/style/base-editor.css\';\r\nimport vuepressTheme from \'@kangc/v-md-editor/lib/theme/vuepress.js\';\r\n\r\nVueMarkdownEditor.use(vuepressTheme);\r\n\r\nVue.use(VueMarkdownEditor);\r\n```\r\n\r\n## Usage\r\n\r\n```html\r\n<template>\r\n  <v-md-editor v-model=\"text\" height=\"400px\"></v-md-editor>\r\n</template>\r\n\r\n<script>\r\n  export default {\r\n    data() {\r\n      return {\r\n        text: \'\',\r\n      };\r\n    },\r\n  };\r\n</script>\r\n```\r\n\r\n## Refrence\r\n\r\n- [ElementUi Scrollbar Component](https://github.com/ElemeFE/element/tree/dev/packages/scrollbar)\r\n- [vuepress-plugin-container](https://vuepress.github.io/zh/plugins/container/)\r\n');
INSERT INTO `notification` VALUES (1534402561707110402, 1534400766566064131, 0, '武汉理工大学关于开展2021年全国普通高校大学生竞赛质量提升行动的通知', 20, '2022-06-08 13:10:53', 'null<h1 align=\"center\">Markdown Editor built on Vue</h1>\r\n\r\n<p align=\"center\">\r\n  <a href=\"https://npmcharts.com/compare/@kangc/v-md-editor?minimal=true\"><img src=\"https://img.shields.io/npm/dm/@kangc/v-md-editor.svg?sanitize=true\" alt=\"Downloads\"></a>\r\n  <a href=\"https://www.npmjs.com/package/@kangc/v-md-editor\"><img src=\"https://img.shields.io/npm/v/@kangc/v-md-editor.svg?sanitize=true\" alt=\"Version\"></a>\r\n  <a href=\"https://www.npmjs.com/package/@kangc/v-md-editor\"><img src=\"https://img.shields.io/npm/l/@kangc/v-md-editor.svg?sanitize=true\" alt=\"License\"></a>\r\n</p>\r\n\r\n## Links\r\n\r\n- [Demo](https://code-farmer-i.github.io/vue-markdown-editor/examples/base-editor.html)\r\n- [Documentation](https://code-farmer-i.github.io/vue-markdown-editor/)\r\n- [Changelog](https://code-farmer-i.github.io/vue-markdown-editor/changelog.html)\r\n\r\n## Install\r\n\r\n```bash\r\n# use npm\r\nnpm i @kangc/v-md-editor -S\r\n\r\n# use yarn\r\nyarn add @kangc/v-md-editor\r\n```\r\n\r\n## Quick Start\r\n\r\n```js\r\nimport Vue from \'vue\';\r\nimport VueMarkdownEditor from \'@kangc/v-md-editor\';\r\nimport \'@kangc/v-md-editor/lib/style/base-editor.css\';\r\nimport vuepressTheme from \'@kangc/v-md-editor/lib/theme/vuepress.js\';\r\n\r\nVueMarkdownEditor.use(vuepressTheme);\r\n\r\nVue.use(VueMarkdownEditor);\r\n```\r\n\r\n## Usage\r\n\r\n```html\r\n<template>\r\n  <v-md-editor v-model=\"text\" height=\"400px\"></v-md-editor>\r\n</template>\r\n\r\n<script>\r\n  export default {\r\n    data() {\r\n      return {\r\n        text: \'\',\r\n      };\r\n    },\r\n  };\r\n</script>\r\n```\r\n\r\n## Refrence\r\n\r\n- [ElementUi Scrollbar Component](https://github.com/ElemeFE/element/tree/dev/packages/scrollbar)\r\n- [vuepress-plugin-container](https://vuepress.github.io/zh/plugins/container/)\r\n');
INSERT INTO `notification` VALUES (1534402561770024961, 1534400766566064131, 0, '武汉理工大学关于开展2021年全国普通高校大学生竞赛质量提升行动的通知', 20, '2022-06-08 13:10:53', 'null<h1 align=\"center\">Markdown Editor built on Vue</h1>\r\n\r\n<p align=\"center\">\r\n  <a href=\"https://npmcharts.com/compare/@kangc/v-md-editor?minimal=true\"><img src=\"https://img.shields.io/npm/dm/@kangc/v-md-editor.svg?sanitize=true\" alt=\"Downloads\"></a>\r\n  <a href=\"https://www.npmjs.com/package/@kangc/v-md-editor\"><img src=\"https://img.shields.io/npm/v/@kangc/v-md-editor.svg?sanitize=true\" alt=\"Version\"></a>\r\n  <a href=\"https://www.npmjs.com/package/@kangc/v-md-editor\"><img src=\"https://img.shields.io/npm/l/@kangc/v-md-editor.svg?sanitize=true\" alt=\"License\"></a>\r\n</p>\r\n\r\n## Links\r\n\r\n- [Demo](https://code-farmer-i.github.io/vue-markdown-editor/examples/base-editor.html)\r\n- [Documentation](https://code-farmer-i.github.io/vue-markdown-editor/)\r\n- [Changelog](https://code-farmer-i.github.io/vue-markdown-editor/changelog.html)\r\n\r\n## Install\r\n\r\n```bash\r\n# use npm\r\nnpm i @kangc/v-md-editor -S\r\n\r\n# use yarn\r\nyarn add @kangc/v-md-editor\r\n```\r\n\r\n## Quick Start\r\n\r\n```js\r\nimport Vue from \'vue\';\r\nimport VueMarkdownEditor from \'@kangc/v-md-editor\';\r\nimport \'@kangc/v-md-editor/lib/style/base-editor.css\';\r\nimport vuepressTheme from \'@kangc/v-md-editor/lib/theme/vuepress.js\';\r\n\r\nVueMarkdownEditor.use(vuepressTheme);\r\n\r\nVue.use(VueMarkdownEditor);\r\n```\r\n\r\n## Usage\r\n\r\n```html\r\n<template>\r\n  <v-md-editor v-model=\"text\" height=\"400px\"></v-md-editor>\r\n</template>\r\n\r\n<script>\r\n  export default {\r\n    data() {\r\n      return {\r\n        text: \'\',\r\n      };\r\n    },\r\n  };\r\n</script>\r\n```\r\n\r\n## Refrence\r\n\r\n- [ElementUi Scrollbar Component](https://github.com/ElemeFE/element/tree/dev/packages/scrollbar)\r\n- [vuepress-plugin-container](https://vuepress.github.io/zh/plugins/container/)\r\n');
INSERT INTO `notification` VALUES (1534402561770024962, 1534400766566064131, 0, '武汉理工大学关于开展2021年全国普通高校大学生竞赛质量提升行动的通知', 20, '2022-06-08 13:10:53', 'null<h1 align=\"center\">Markdown Editor built on Vue</h1>\r\n\r\n<p align=\"center\">\r\n  <a href=\"https://npmcharts.com/compare/@kangc/v-md-editor?minimal=true\"><img src=\"https://img.shields.io/npm/dm/@kangc/v-md-editor.svg?sanitize=true\" alt=\"Downloads\"></a>\r\n  <a href=\"https://www.npmjs.com/package/@kangc/v-md-editor\"><img src=\"https://img.shields.io/npm/v/@kangc/v-md-editor.svg?sanitize=true\" alt=\"Version\"></a>\r\n  <a href=\"https://www.npmjs.com/package/@kangc/v-md-editor\"><img src=\"https://img.shields.io/npm/l/@kangc/v-md-editor.svg?sanitize=true\" alt=\"License\"></a>\r\n</p>\r\n\r\n## Links\r\n\r\n- [Demo](https://code-farmer-i.github.io/vue-markdown-editor/examples/base-editor.html)\r\n- [Documentation](https://code-farmer-i.github.io/vue-markdown-editor/)\r\n- [Changelog](https://code-farmer-i.github.io/vue-markdown-editor/changelog.html)\r\n\r\n## Install\r\n\r\n```bash\r\n# use npm\r\nnpm i @kangc/v-md-editor -S\r\n\r\n# use yarn\r\nyarn add @kangc/v-md-editor\r\n```\r\n\r\n## Quick Start\r\n\r\n```js\r\nimport Vue from \'vue\';\r\nimport VueMarkdownEditor from \'@kangc/v-md-editor\';\r\nimport \'@kangc/v-md-editor/lib/style/base-editor.css\';\r\nimport vuepressTheme from \'@kangc/v-md-editor/lib/theme/vuepress.js\';\r\n\r\nVueMarkdownEditor.use(vuepressTheme);\r\n\r\nVue.use(VueMarkdownEditor);\r\n```\r\n\r\n## Usage\r\n\r\n```html\r\n<template>\r\n  <v-md-editor v-model=\"text\" height=\"400px\"></v-md-editor>\r\n</template>\r\n\r\n<script>\r\n  export default {\r\n    data() {\r\n      return {\r\n        text: \'\',\r\n      };\r\n    },\r\n  };\r\n</script>\r\n```\r\n\r\n## Refrence\r\n\r\n- [ElementUi Scrollbar Component](https://github.com/ElemeFE/element/tree/dev/packages/scrollbar)\r\n- [vuepress-plugin-container](https://vuepress.github.io/zh/plugins/container/)\r\n');
INSERT INTO `notification` VALUES (1534402561837133826, 1534400766566064131, 0, '武汉理工大学关于开展2021年全国普通高校大学生竞赛质量提升行动的通知', 20, '2022-06-08 13:10:53', 'null<h1 align=\"center\">Markdown Editor built on Vue</h1>\r\n\r\n<p align=\"center\">\r\n  <a href=\"https://npmcharts.com/compare/@kangc/v-md-editor?minimal=true\"><img src=\"https://img.shields.io/npm/dm/@kangc/v-md-editor.svg?sanitize=true\" alt=\"Downloads\"></a>\r\n  <a href=\"https://www.npmjs.com/package/@kangc/v-md-editor\"><img src=\"https://img.shields.io/npm/v/@kangc/v-md-editor.svg?sanitize=true\" alt=\"Version\"></a>\r\n  <a href=\"https://www.npmjs.com/package/@kangc/v-md-editor\"><img src=\"https://img.shields.io/npm/l/@kangc/v-md-editor.svg?sanitize=true\" alt=\"License\"></a>\r\n</p>\r\n\r\n## Links\r\n\r\n- [Demo](https://code-farmer-i.github.io/vue-markdown-editor/examples/base-editor.html)\r\n- [Documentation](https://code-farmer-i.github.io/vue-markdown-editor/)\r\n- [Changelog](https://code-farmer-i.github.io/vue-markdown-editor/changelog.html)\r\n\r\n## Install\r\n\r\n```bash\r\n# use npm\r\nnpm i @kangc/v-md-editor -S\r\n\r\n# use yarn\r\nyarn add @kangc/v-md-editor\r\n```\r\n\r\n## Quick Start\r\n\r\n```js\r\nimport Vue from \'vue\';\r\nimport VueMarkdownEditor from \'@kangc/v-md-editor\';\r\nimport \'@kangc/v-md-editor/lib/style/base-editor.css\';\r\nimport vuepressTheme from \'@kangc/v-md-editor/lib/theme/vuepress.js\';\r\n\r\nVueMarkdownEditor.use(vuepressTheme);\r\n\r\nVue.use(VueMarkdownEditor);\r\n```\r\n\r\n## Usage\r\n\r\n```html\r\n<template>\r\n  <v-md-editor v-model=\"text\" height=\"400px\"></v-md-editor>\r\n</template>\r\n\r\n<script>\r\n  export default {\r\n    data() {\r\n      return {\r\n        text: \'\',\r\n      };\r\n    },\r\n  };\r\n</script>\r\n```\r\n\r\n## Refrence\r\n\r\n- [ElementUi Scrollbar Component](https://github.com/ElemeFE/element/tree/dev/packages/scrollbar)\r\n- [vuepress-plugin-container](https://vuepress.github.io/zh/plugins/container/)\r\n');
INSERT INTO `notification` VALUES (1534402561837133827, 1534400766566064131, 0, '武汉理工大学关于开展2021年全国普通高校大学生竞赛质量提升行动的通知', 21, '2022-06-08 13:10:53', 'null<h1 align=\"center\">Markdown Editor built on Vue</h1>\r\n\r\n<p align=\"center\">\r\n  <a href=\"https://npmcharts.com/compare/@kangc/v-md-editor?minimal=true\"><img src=\"https://img.shields.io/npm/dm/@kangc/v-md-editor.svg?sanitize=true\" alt=\"Downloads\"></a>\r\n  <a href=\"https://www.npmjs.com/package/@kangc/v-md-editor\"><img src=\"https://img.shields.io/npm/v/@kangc/v-md-editor.svg?sanitize=true\" alt=\"Version\"></a>\r\n  <a href=\"https://www.npmjs.com/package/@kangc/v-md-editor\"><img src=\"https://img.shields.io/npm/l/@kangc/v-md-editor.svg?sanitize=true\" alt=\"License\"></a>\r\n</p>\r\n\r\n## Links\r\n\r\n- [Demo](https://code-farmer-i.github.io/vue-markdown-editor/examples/base-editor.html)\r\n- [Documentation](https://code-farmer-i.github.io/vue-markdown-editor/)\r\n- [Changelog](https://code-farmer-i.github.io/vue-markdown-editor/changelog.html)\r\n\r\n## Install\r\n\r\n```bash\r\n# use npm\r\nnpm i @kangc/v-md-editor -S\r\n\r\n# use yarn\r\nyarn add @kangc/v-md-editor\r\n```\r\n\r\n## Quick Start\r\n\r\n```js\r\nimport Vue from \'vue\';\r\nimport VueMarkdownEditor from \'@kangc/v-md-editor\';\r\nimport \'@kangc/v-md-editor/lib/style/base-editor.css\';\r\nimport vuepressTheme from \'@kangc/v-md-editor/lib/theme/vuepress.js\';\r\n\r\nVueMarkdownEditor.use(vuepressTheme);\r\n\r\nVue.use(VueMarkdownEditor);\r\n```\r\n\r\n## Usage\r\n\r\n```html\r\n<template>\r\n  <v-md-editor v-model=\"text\" height=\"400px\"></v-md-editor>\r\n</template>\r\n\r\n<script>\r\n  export default {\r\n    data() {\r\n      return {\r\n        text: \'\',\r\n      };\r\n    },\r\n  };\r\n</script>\r\n```\r\n\r\n## Refrence\r\n\r\n- [ElementUi Scrollbar Component](https://github.com/ElemeFE/element/tree/dev/packages/scrollbar)\r\n- [vuepress-plugin-container](https://vuepress.github.io/zh/plugins/container/)\r\n');
INSERT INTO `notification` VALUES (1534402561904242690, 1534400766566064131, 0, '武汉理工大学关于开展2021年全国普通高校大学生竞赛质量提升行动的通知', 20, '2022-06-08 13:10:53', 'null<h1 align=\"center\">Markdown Editor built on Vue</h1>\r\n\r\n<p align=\"center\">\r\n  <a href=\"https://npmcharts.com/compare/@kangc/v-md-editor?minimal=true\"><img src=\"https://img.shields.io/npm/dm/@kangc/v-md-editor.svg?sanitize=true\" alt=\"Downloads\"></a>\r\n  <a href=\"https://www.npmjs.com/package/@kangc/v-md-editor\"><img src=\"https://img.shields.io/npm/v/@kangc/v-md-editor.svg?sanitize=true\" alt=\"Version\"></a>\r\n  <a href=\"https://www.npmjs.com/package/@kangc/v-md-editor\"><img src=\"https://img.shields.io/npm/l/@kangc/v-md-editor.svg?sanitize=true\" alt=\"License\"></a>\r\n</p>\r\n\r\n## Links\r\n\r\n- [Demo](https://code-farmer-i.github.io/vue-markdown-editor/examples/base-editor.html)\r\n- [Documentation](https://code-farmer-i.github.io/vue-markdown-editor/)\r\n- [Changelog](https://code-farmer-i.github.io/vue-markdown-editor/changelog.html)\r\n\r\n## Install\r\n\r\n```bash\r\n# use npm\r\nnpm i @kangc/v-md-editor -S\r\n\r\n# use yarn\r\nyarn add @kangc/v-md-editor\r\n```\r\n\r\n## Quick Start\r\n\r\n```js\r\nimport Vue from \'vue\';\r\nimport VueMarkdownEditor from \'@kangc/v-md-editor\';\r\nimport \'@kangc/v-md-editor/lib/style/base-editor.css\';\r\nimport vuepressTheme from \'@kangc/v-md-editor/lib/theme/vuepress.js\';\r\n\r\nVueMarkdownEditor.use(vuepressTheme);\r\n\r\nVue.use(VueMarkdownEditor);\r\n```\r\n\r\n## Usage\r\n\r\n```html\r\n<template>\r\n  <v-md-editor v-model=\"text\" height=\"400px\"></v-md-editor>\r\n</template>\r\n\r\n<script>\r\n  export default {\r\n    data() {\r\n      return {\r\n        text: \'\',\r\n      };\r\n    },\r\n  };\r\n</script>\r\n```\r\n\r\n## Refrence\r\n\r\n- [ElementUi Scrollbar Component](https://github.com/ElemeFE/element/tree/dev/packages/scrollbar)\r\n- [vuepress-plugin-container](https://vuepress.github.io/zh/plugins/container/)\r\n');
INSERT INTO `notification` VALUES (1534402561904242691, 1534400766566064131, 0, '武汉理工大学关于开展2021年全国普通高校大学生竞赛质量提升行动的通知', 20, '2022-06-08 13:10:53', 'null<h1 align=\"center\">Markdown Editor built on Vue</h1>\r\n\r\n<p align=\"center\">\r\n  <a href=\"https://npmcharts.com/compare/@kangc/v-md-editor?minimal=true\"><img src=\"https://img.shields.io/npm/dm/@kangc/v-md-editor.svg?sanitize=true\" alt=\"Downloads\"></a>\r\n  <a href=\"https://www.npmjs.com/package/@kangc/v-md-editor\"><img src=\"https://img.shields.io/npm/v/@kangc/v-md-editor.svg?sanitize=true\" alt=\"Version\"></a>\r\n  <a href=\"https://www.npmjs.com/package/@kangc/v-md-editor\"><img src=\"https://img.shields.io/npm/l/@kangc/v-md-editor.svg?sanitize=true\" alt=\"License\"></a>\r\n</p>\r\n\r\n## Links\r\n\r\n- [Demo](https://code-farmer-i.github.io/vue-markdown-editor/examples/base-editor.html)\r\n- [Documentation](https://code-farmer-i.github.io/vue-markdown-editor/)\r\n- [Changelog](https://code-farmer-i.github.io/vue-markdown-editor/changelog.html)\r\n\r\n## Install\r\n\r\n```bash\r\n# use npm\r\nnpm i @kangc/v-md-editor -S\r\n\r\n# use yarn\r\nyarn add @kangc/v-md-editor\r\n```\r\n\r\n## Quick Start\r\n\r\n```js\r\nimport Vue from \'vue\';\r\nimport VueMarkdownEditor from \'@kangc/v-md-editor\';\r\nimport \'@kangc/v-md-editor/lib/style/base-editor.css\';\r\nimport vuepressTheme from \'@kangc/v-md-editor/lib/theme/vuepress.js\';\r\n\r\nVueMarkdownEditor.use(vuepressTheme);\r\n\r\nVue.use(VueMarkdownEditor);\r\n```\r\n\r\n## Usage\r\n\r\n```html\r\n<template>\r\n  <v-md-editor v-model=\"text\" height=\"400px\"></v-md-editor>\r\n</template>\r\n\r\n<script>\r\n  export default {\r\n    data() {\r\n      return {\r\n        text: \'\',\r\n      };\r\n    },\r\n  };\r\n</script>\r\n```\r\n\r\n## Refrence\r\n\r\n- [ElementUi Scrollbar Component](https://github.com/ElemeFE/element/tree/dev/packages/scrollbar)\r\n- [vuepress-plugin-container](https://vuepress.github.io/zh/plugins/container/)\r\n');
INSERT INTO `notification` VALUES (1534402561967157249, 1534400766566064131, 0, '武汉理工大学关于开展2021年全国普通高校大学生竞赛质量提升行动的通知', 20, '2022-06-08 13:10:53', 'null<h1 align=\"center\">Markdown Editor built on Vue</h1>\r\n\r\n<p align=\"center\">\r\n  <a href=\"https://npmcharts.com/compare/@kangc/v-md-editor?minimal=true\"><img src=\"https://img.shields.io/npm/dm/@kangc/v-md-editor.svg?sanitize=true\" alt=\"Downloads\"></a>\r\n  <a href=\"https://www.npmjs.com/package/@kangc/v-md-editor\"><img src=\"https://img.shields.io/npm/v/@kangc/v-md-editor.svg?sanitize=true\" alt=\"Version\"></a>\r\n  <a href=\"https://www.npmjs.com/package/@kangc/v-md-editor\"><img src=\"https://img.shields.io/npm/l/@kangc/v-md-editor.svg?sanitize=true\" alt=\"License\"></a>\r\n</p>\r\n\r\n## Links\r\n\r\n- [Demo](https://code-farmer-i.github.io/vue-markdown-editor/examples/base-editor.html)\r\n- [Documentation](https://code-farmer-i.github.io/vue-markdown-editor/)\r\n- [Changelog](https://code-farmer-i.github.io/vue-markdown-editor/changelog.html)\r\n\r\n## Install\r\n\r\n```bash\r\n# use npm\r\nnpm i @kangc/v-md-editor -S\r\n\r\n# use yarn\r\nyarn add @kangc/v-md-editor\r\n```\r\n\r\n## Quick Start\r\n\r\n```js\r\nimport Vue from \'vue\';\r\nimport VueMarkdownEditor from \'@kangc/v-md-editor\';\r\nimport \'@kangc/v-md-editor/lib/style/base-editor.css\';\r\nimport vuepressTheme from \'@kangc/v-md-editor/lib/theme/vuepress.js\';\r\n\r\nVueMarkdownEditor.use(vuepressTheme);\r\n\r\nVue.use(VueMarkdownEditor);\r\n```\r\n\r\n## Usage\r\n\r\n```html\r\n<template>\r\n  <v-md-editor v-model=\"text\" height=\"400px\"></v-md-editor>\r\n</template>\r\n\r\n<script>\r\n  export default {\r\n    data() {\r\n      return {\r\n        text: \'\',\r\n      };\r\n    },\r\n  };\r\n</script>\r\n```\r\n\r\n## Refrence\r\n\r\n- [ElementUi Scrollbar Component](https://github.com/ElemeFE/element/tree/dev/packages/scrollbar)\r\n- [vuepress-plugin-container](https://vuepress.github.io/zh/plugins/container/)\r\n');
INSERT INTO `notification` VALUES (1534402561967157250, 1534400766566064131, 0, '武汉理工大学关于开展2021年全国普通高校大学生竞赛质量提升行动的通知', 20, '2022-06-08 13:10:53', 'null<h1 align=\"center\">Markdown Editor built on Vue</h1>\r\n\r\n<p align=\"center\">\r\n  <a href=\"https://npmcharts.com/compare/@kangc/v-md-editor?minimal=true\"><img src=\"https://img.shields.io/npm/dm/@kangc/v-md-editor.svg?sanitize=true\" alt=\"Downloads\"></a>\r\n  <a href=\"https://www.npmjs.com/package/@kangc/v-md-editor\"><img src=\"https://img.shields.io/npm/v/@kangc/v-md-editor.svg?sanitize=true\" alt=\"Version\"></a>\r\n  <a href=\"https://www.npmjs.com/package/@kangc/v-md-editor\"><img src=\"https://img.shields.io/npm/l/@kangc/v-md-editor.svg?sanitize=true\" alt=\"License\"></a>\r\n</p>\r\n\r\n## Links\r\n\r\n- [Demo](https://code-farmer-i.github.io/vue-markdown-editor/examples/base-editor.html)\r\n- [Documentation](https://code-farmer-i.github.io/vue-markdown-editor/)\r\n- [Changelog](https://code-farmer-i.github.io/vue-markdown-editor/changelog.html)\r\n\r\n## Install\r\n\r\n```bash\r\n# use npm\r\nnpm i @kangc/v-md-editor -S\r\n\r\n# use yarn\r\nyarn add @kangc/v-md-editor\r\n```\r\n\r\n## Quick Start\r\n\r\n```js\r\nimport Vue from \'vue\';\r\nimport VueMarkdownEditor from \'@kangc/v-md-editor\';\r\nimport \'@kangc/v-md-editor/lib/style/base-editor.css\';\r\nimport vuepressTheme from \'@kangc/v-md-editor/lib/theme/vuepress.js\';\r\n\r\nVueMarkdownEditor.use(vuepressTheme);\r\n\r\nVue.use(VueMarkdownEditor);\r\n```\r\n\r\n## Usage\r\n\r\n```html\r\n<template>\r\n  <v-md-editor v-model=\"text\" height=\"400px\"></v-md-editor>\r\n</template>\r\n\r\n<script>\r\n  export default {\r\n    data() {\r\n      return {\r\n        text: \'\',\r\n      };\r\n    },\r\n  };\r\n</script>\r\n```\r\n\r\n## Refrence\r\n\r\n- [ElementUi Scrollbar Component](https://github.com/ElemeFE/element/tree/dev/packages/scrollbar)\r\n- [vuepress-plugin-container](https://vuepress.github.io/zh/plugins/container/)\r\n');
INSERT INTO `notification` VALUES (1534402562034266113, 1534400766566064131, 0, '武汉理工大学关于开展2021年全国普通高校大学生竞赛质量提升行动的通知', 20, '2022-06-08 13:10:53', 'null<h1 align=\"center\">Markdown Editor built on Vue</h1>\r\n\r\n<p align=\"center\">\r\n  <a href=\"https://npmcharts.com/compare/@kangc/v-md-editor?minimal=true\"><img src=\"https://img.shields.io/npm/dm/@kangc/v-md-editor.svg?sanitize=true\" alt=\"Downloads\"></a>\r\n  <a href=\"https://www.npmjs.com/package/@kangc/v-md-editor\"><img src=\"https://img.shields.io/npm/v/@kangc/v-md-editor.svg?sanitize=true\" alt=\"Version\"></a>\r\n  <a href=\"https://www.npmjs.com/package/@kangc/v-md-editor\"><img src=\"https://img.shields.io/npm/l/@kangc/v-md-editor.svg?sanitize=true\" alt=\"License\"></a>\r\n</p>\r\n\r\n## Links\r\n\r\n- [Demo](https://code-farmer-i.github.io/vue-markdown-editor/examples/base-editor.html)\r\n- [Documentation](https://code-farmer-i.github.io/vue-markdown-editor/)\r\n- [Changelog](https://code-farmer-i.github.io/vue-markdown-editor/changelog.html)\r\n\r\n## Install\r\n\r\n```bash\r\n# use npm\r\nnpm i @kangc/v-md-editor -S\r\n\r\n# use yarn\r\nyarn add @kangc/v-md-editor\r\n```\r\n\r\n## Quick Start\r\n\r\n```js\r\nimport Vue from \'vue\';\r\nimport VueMarkdownEditor from \'@kangc/v-md-editor\';\r\nimport \'@kangc/v-md-editor/lib/style/base-editor.css\';\r\nimport vuepressTheme from \'@kangc/v-md-editor/lib/theme/vuepress.js\';\r\n\r\nVueMarkdownEditor.use(vuepressTheme);\r\n\r\nVue.use(VueMarkdownEditor);\r\n```\r\n\r\n## Usage\r\n\r\n```html\r\n<template>\r\n  <v-md-editor v-model=\"text\" height=\"400px\"></v-md-editor>\r\n</template>\r\n\r\n<script>\r\n  export default {\r\n    data() {\r\n      return {\r\n        text: \'\',\r\n      };\r\n    },\r\n  };\r\n</script>\r\n```\r\n\r\n## Refrence\r\n\r\n- [ElementUi Scrollbar Component](https://github.com/ElemeFE/element/tree/dev/packages/scrollbar)\r\n- [vuepress-plugin-container](https://vuepress.github.io/zh/plugins/container/)\r\n');
INSERT INTO `notification` VALUES (1534402562034266114, 1534400766566064131, 0, '武汉理工大学关于开展2021年全国普通高校大学生竞赛质量提升行动的通知', 20, '2022-06-08 13:10:53', 'null<h1 align=\"center\">Markdown Editor built on Vue</h1>\r\n\r\n<p align=\"center\">\r\n  <a href=\"https://npmcharts.com/compare/@kangc/v-md-editor?minimal=true\"><img src=\"https://img.shields.io/npm/dm/@kangc/v-md-editor.svg?sanitize=true\" alt=\"Downloads\"></a>\r\n  <a href=\"https://www.npmjs.com/package/@kangc/v-md-editor\"><img src=\"https://img.shields.io/npm/v/@kangc/v-md-editor.svg?sanitize=true\" alt=\"Version\"></a>\r\n  <a href=\"https://www.npmjs.com/package/@kangc/v-md-editor\"><img src=\"https://img.shields.io/npm/l/@kangc/v-md-editor.svg?sanitize=true\" alt=\"License\"></a>\r\n</p>\r\n\r\n## Links\r\n\r\n- [Demo](https://code-farmer-i.github.io/vue-markdown-editor/examples/base-editor.html)\r\n- [Documentation](https://code-farmer-i.github.io/vue-markdown-editor/)\r\n- [Changelog](https://code-farmer-i.github.io/vue-markdown-editor/changelog.html)\r\n\r\n## Install\r\n\r\n```bash\r\n# use npm\r\nnpm i @kangc/v-md-editor -S\r\n\r\n# use yarn\r\nyarn add @kangc/v-md-editor\r\n```\r\n\r\n## Quick Start\r\n\r\n```js\r\nimport Vue from \'vue\';\r\nimport VueMarkdownEditor from \'@kangc/v-md-editor\';\r\nimport \'@kangc/v-md-editor/lib/style/base-editor.css\';\r\nimport vuepressTheme from \'@kangc/v-md-editor/lib/theme/vuepress.js\';\r\n\r\nVueMarkdownEditor.use(vuepressTheme);\r\n\r\nVue.use(VueMarkdownEditor);\r\n```\r\n\r\n## Usage\r\n\r\n```html\r\n<template>\r\n  <v-md-editor v-model=\"text\" height=\"400px\"></v-md-editor>\r\n</template>\r\n\r\n<script>\r\n  export default {\r\n    data() {\r\n      return {\r\n        text: \'\',\r\n      };\r\n    },\r\n  };\r\n</script>\r\n```\r\n\r\n## Refrence\r\n\r\n- [ElementUi Scrollbar Component](https://github.com/ElemeFE/element/tree/dev/packages/scrollbar)\r\n- [vuepress-plugin-container](https://vuepress.github.io/zh/plugins/container/)\r\n');
INSERT INTO `notification` VALUES (1534402562097180674, 1534400766566064131, 0, '武汉理工大学关于开展2021年全国普通高校大学生竞赛质量提升行动的通知', 20, '2022-06-08 13:10:53', 'null<h1 align=\"center\">Markdown Editor built on Vue</h1>\r\n\r\n<p align=\"center\">\r\n  <a href=\"https://npmcharts.com/compare/@kangc/v-md-editor?minimal=true\"><img src=\"https://img.shields.io/npm/dm/@kangc/v-md-editor.svg?sanitize=true\" alt=\"Downloads\"></a>\r\n  <a href=\"https://www.npmjs.com/package/@kangc/v-md-editor\"><img src=\"https://img.shields.io/npm/v/@kangc/v-md-editor.svg?sanitize=true\" alt=\"Version\"></a>\r\n  <a href=\"https://www.npmjs.com/package/@kangc/v-md-editor\"><img src=\"https://img.shields.io/npm/l/@kangc/v-md-editor.svg?sanitize=true\" alt=\"License\"></a>\r\n</p>\r\n\r\n## Links\r\n\r\n- [Demo](https://code-farmer-i.github.io/vue-markdown-editor/examples/base-editor.html)\r\n- [Documentation](https://code-farmer-i.github.io/vue-markdown-editor/)\r\n- [Changelog](https://code-farmer-i.github.io/vue-markdown-editor/changelog.html)\r\n\r\n## Install\r\n\r\n```bash\r\n# use npm\r\nnpm i @kangc/v-md-editor -S\r\n\r\n# use yarn\r\nyarn add @kangc/v-md-editor\r\n```\r\n\r\n## Quick Start\r\n\r\n```js\r\nimport Vue from \'vue\';\r\nimport VueMarkdownEditor from \'@kangc/v-md-editor\';\r\nimport \'@kangc/v-md-editor/lib/style/base-editor.css\';\r\nimport vuepressTheme from \'@kangc/v-md-editor/lib/theme/vuepress.js\';\r\n\r\nVueMarkdownEditor.use(vuepressTheme);\r\n\r\nVue.use(VueMarkdownEditor);\r\n```\r\n\r\n## Usage\r\n\r\n```html\r\n<template>\r\n  <v-md-editor v-model=\"text\" height=\"400px\"></v-md-editor>\r\n</template>\r\n\r\n<script>\r\n  export default {\r\n    data() {\r\n      return {\r\n        text: \'\',\r\n      };\r\n    },\r\n  };\r\n</script>\r\n```\r\n\r\n## Refrence\r\n\r\n- [ElementUi Scrollbar Component](https://github.com/ElemeFE/element/tree/dev/packages/scrollbar)\r\n- [vuepress-plugin-container](https://vuepress.github.io/zh/plugins/container/)\r\n');
INSERT INTO `notification` VALUES (1534402562097180675, 1534400766566064131, 0, '武汉理工大学关于开展2021年全国普通高校大学生竞赛质量提升行动的通知', 20, '2022-06-08 13:10:53', 'null<h1 align=\"center\">Markdown Editor built on Vue</h1>\r\n\r\n<p align=\"center\">\r\n  <a href=\"https://npmcharts.com/compare/@kangc/v-md-editor?minimal=true\"><img src=\"https://img.shields.io/npm/dm/@kangc/v-md-editor.svg?sanitize=true\" alt=\"Downloads\"></a>\r\n  <a href=\"https://www.npmjs.com/package/@kangc/v-md-editor\"><img src=\"https://img.shields.io/npm/v/@kangc/v-md-editor.svg?sanitize=true\" alt=\"Version\"></a>\r\n  <a href=\"https://www.npmjs.com/package/@kangc/v-md-editor\"><img src=\"https://img.shields.io/npm/l/@kangc/v-md-editor.svg?sanitize=true\" alt=\"License\"></a>\r\n</p>\r\n\r\n## Links\r\n\r\n- [Demo](https://code-farmer-i.github.io/vue-markdown-editor/examples/base-editor.html)\r\n- [Documentation](https://code-farmer-i.github.io/vue-markdown-editor/)\r\n- [Changelog](https://code-farmer-i.github.io/vue-markdown-editor/changelog.html)\r\n\r\n## Install\r\n\r\n```bash\r\n# use npm\r\nnpm i @kangc/v-md-editor -S\r\n\r\n# use yarn\r\nyarn add @kangc/v-md-editor\r\n```\r\n\r\n## Quick Start\r\n\r\n```js\r\nimport Vue from \'vue\';\r\nimport VueMarkdownEditor from \'@kangc/v-md-editor\';\r\nimport \'@kangc/v-md-editor/lib/style/base-editor.css\';\r\nimport vuepressTheme from \'@kangc/v-md-editor/lib/theme/vuepress.js\';\r\n\r\nVueMarkdownEditor.use(vuepressTheme);\r\n\r\nVue.use(VueMarkdownEditor);\r\n```\r\n\r\n## Usage\r\n\r\n```html\r\n<template>\r\n  <v-md-editor v-model=\"text\" height=\"400px\"></v-md-editor>\r\n</template>\r\n\r\n<script>\r\n  export default {\r\n    data() {\r\n      return {\r\n        text: \'\',\r\n      };\r\n    },\r\n  };\r\n</script>\r\n```\r\n\r\n## Refrence\r\n\r\n- [ElementUi Scrollbar Component](https://github.com/ElemeFE/element/tree/dev/packages/scrollbar)\r\n- [vuepress-plugin-container](https://vuepress.github.io/zh/plugins/container/)\r\n');
INSERT INTO `notification` VALUES (1534416089012785154, 1534400766566064131, 0, '测试资讯', 0, '2022-06-01 00:00:00', '# 测试资讯');

-- ----------------------------
-- Table structure for registration_form
-- ----------------------------
DROP TABLE IF EXISTS `registration_form`;
CREATE TABLE `registration_form`  (
  `id` bigint NOT NULL,
  `user_id` bigint NOT NULL,
  `competition_id` bigint NOT NULL,
  `status` tinyint NULL DEFAULT 0,
  `apply_form` varchar(255) CHARACTER SET utf8mb4 COLLATE utf8mb4_0900_ai_ci NULL DEFAULT NULL,
  `apply_date` timestamp NULL DEFAULT NULL,
  `comment` tinytext CHARACTER SET utf8mb4 COLLATE utf8mb4_0900_ai_ci NULL,
  PRIMARY KEY (`id`) USING BTREE,
  INDEX `user_id`(`user_id` ASC) USING BTREE,
  INDEX `competition_id`(`competition_id` ASC) USING BTREE,
  CONSTRAINT `competition_id` FOREIGN KEY (`competition_id`) REFERENCES `competition` (`id`) ON DELETE RESTRICT ON UPDATE RESTRICT,
  CONSTRAINT `user_id` FOREIGN KEY (`user_id`) REFERENCES `users` (`id`) ON DELETE RESTRICT ON UPDATE RESTRICT
) ENGINE = InnoDB CHARACTER SET = utf8mb4 COLLATE = utf8mb4_0900_ai_ci ROW_FORMAT = Dynamic;

-- ----------------------------
-- Records of registration_form
-- ----------------------------
INSERT INTO `registration_form` VALUES (1534413236147867649, 1534413125032366081, 1534412515545468929, 1, 'https://competition-website.oss-cn-nanjing.aliyuncs.com/competition/registration_form/b26f835d2a8f488d963a3b8e7321991d.docx', '2022-06-08 13:53:18', 'hahhah ');

-- ----------------------------
-- Table structure for test
-- ----------------------------
DROP TABLE IF EXISTS `test`;
CREATE TABLE `test`  (
  `id` bigint NOT NULL COMMENT 'id---bigint',
  `username` varchar(255) CHARACTER SET utf8mb4 COLLATE utf8mb4_0900_ai_ci NULL DEFAULT NULL COMMENT '名称---string',
  `finished` tinyint NULL DEFAULT NULL COMMENT '是否完成----boolean',
  `score` double NULL DEFAULT NULL COMMENT '分数----double',
  `date` date NULL DEFAULT NULL COMMENT '日期---date',
  `decimal` decimal(10, 2) NULL DEFAULT NULL COMMENT '十进制',
  `binary` binary(1) NULL DEFAULT NULL COMMENT '二进制',
  `long` bigint NULL DEFAULT NULL COMMENT 'Long',
  PRIMARY KEY (`id`) USING BTREE
) ENGINE = InnoDB CHARACTER SET = utf8mb4 COLLATE = utf8mb4_0900_ai_ci ROW_FORMAT = Dynamic;

-- ----------------------------
-- Records of test
-- ----------------------------
INSERT INTO `test` VALUES (1, 'Lam Ming Sze', 99, 641.77, '2014-11-14', 229.53, 0x7A, 453);
INSERT INTO `test` VALUES (2, 'Yeung Lik Sun', 33, 53.64, '2012-09-01', 988.31, 0x37, 199);
INSERT INTO `test` VALUES (3, 'Kono Mai', 61, 908.47, '2006-11-16', 981.93, 0x51, 496);
INSERT INTO `test` VALUES (4, 'Randall Romero', 86, 205.03, '2010-12-07', 860.30, 0x53, 573);
INSERT INTO `test` VALUES (5, 'Gregory Coleman', 123, 183.5, '2005-12-02', 943.81, 0x35, 817);

-- ----------------------------
-- Table structure for users
-- ----------------------------
DROP TABLE IF EXISTS `users`;
CREATE TABLE `users`  (
  `id` bigint NOT NULL COMMENT '用户id',
  `nickname` varchar(255) CHARACTER SET utf8mb4 COLLATE utf8mb4_0900_ai_ci NULL DEFAULT NULL COMMENT '用户昵称',
  `avatar` varchar(255) CHARACTER SET utf8mb4 COLLATE utf8mb4_0900_ai_ci NULL DEFAULT 'https://competition-website.oss-cn-nanjing.aliyuncs.com/avatar/base_avatar.png' COMMENT '用户头像地址',
  `introduction` varchar(255) CHARACTER SET utf8mb4 COLLATE utf8mb4_0900_ai_ci NULL DEFAULT NULL COMMENT '个人简介',
  `school` varchar(255) CHARACTER SET utf8mb4 COLLATE utf8mb4_0900_ai_ci NULL DEFAULT NULL COMMENT '就读学校',
  `education` varchar(255) CHARACTER SET utf8mb4 COLLATE utf8mb4_0900_ai_ci NULL DEFAULT NULL COMMENT '学历',
  `permission` tinyint NOT NULL DEFAULT 0 COMMENT '用户权限（0-student、1-organizer、2-judge、3-admin）',
  PRIMARY KEY (`id`) USING BTREE
) ENGINE = InnoDB CHARACTER SET = utf8mb4 COLLATE = utf8mb4_0900_ai_ci ROW_FORMAT = DYNAMIC;

-- ----------------------------
-- Records of users
-- ----------------------------
INSERT INTO `users` VALUES (1534400766494760962, 'admin', 'https://competition-website.oss-cn-nanjing.aliyuncs.com/avatar/base_avatar.png', NULL, NULL, NULL, 3);
INSERT INTO `users` VALUES (1534400766566064131, 'organizer', 'https://competition-website.oss-cn-nanjing.aliyuncs.com/avatar/base_avatar.png', NULL, NULL, NULL, 1);
INSERT INTO `users` VALUES (1534400766696087553, '评委3', 'https://competition-website.oss-cn-nanjing.aliyuncs.com/avatar/base_avatar.png', NULL, NULL, NULL, 2);
INSERT INTO `users` VALUES (1534400766826110977, '评委4', 'https://competition-website.oss-cn-nanjing.aliyuncs.com/avatar/base_avatar.png', NULL, NULL, NULL, 2);
INSERT INTO `users` VALUES (1534400766893219841, '评委5', 'https://competition-website.oss-cn-nanjing.aliyuncs.com/avatar/base_avatar.png', NULL, NULL, NULL, 2);
INSERT INTO `users` VALUES (1534400767027437569, '评委6', 'https://competition-website.oss-cn-nanjing.aliyuncs.com/avatar/base_avatar.png', NULL, NULL, NULL, 2);
INSERT INTO `users` VALUES (1534400767094546434, '评委7', 'https://competition-website.oss-cn-nanjing.aliyuncs.com/avatar/base_avatar.png', NULL, NULL, NULL, 2);
INSERT INTO `users` VALUES (1534400767157460995, '评委8', 'https://competition-website.oss-cn-nanjing.aliyuncs.com/avatar/base_avatar.png', NULL, NULL, NULL, 2);
INSERT INTO `users` VALUES (1534400767283290114, '评委9', 'https://competition-website.oss-cn-nanjing.aliyuncs.com/avatar/base_avatar.png', NULL, NULL, NULL, 2);
INSERT INTO `users` VALUES (1534400767413313537, '评委10', 'https://competition-website.oss-cn-nanjing.aliyuncs.com/avatar/base_avatar.png', NULL, NULL, NULL, 2);
INSERT INTO `users` VALUES (1534413125032366081, 'rockjim', 'https://competition-website.oss-cn-nanjing.aliyuncs.com/avatar/base_avatar.png', NULL, NULL, NULL, 0);

-- ----------------------------
-- Table structure for users_auths
-- ----------------------------
DROP TABLE IF EXISTS `users_auths`;
CREATE TABLE `users_auths`  (
  `id` bigint NOT NULL COMMENT '权限id',
  `user_id` bigint NULL DEFAULT NULL COMMENT '用户id',
  `identity_type` tinyint NULL DEFAULT NULL COMMENT '登录方式：0-username、1-email、2-phone、3-weixin、4-qq、5-weibo',
  `identifier` varchar(255) CHARACTER SET utf8mb4 COLLATE utf8mb4_0900_ai_ci NULL DEFAULT NULL COMMENT '标识（手机号、用户名、邮箱或者第三方应用的唯一标识）',
  `credential` varchar(255) CHARACTER SET utf8mb4 COLLATE utf8mb4_0900_ai_ci NULL DEFAULT NULL COMMENT '密码凭证（站内的密码，站外不保存或者保存的token）',
  PRIMARY KEY (`id`) USING BTREE,
  INDEX `userId`(`user_id` ASC) USING BTREE,
  CONSTRAINT `userId` FOREIGN KEY (`user_id`) REFERENCES `users` (`id`) ON DELETE RESTRICT ON UPDATE RESTRICT
) ENGINE = InnoDB CHARACTER SET = utf8mb4 COLLATE = utf8mb4_0900_ai_ci ROW_FORMAT = DYNAMIC;

-- ----------------------------
-- Records of users_auths
-- ----------------------------
INSERT INTO `users_auths` VALUES (1534400766494760963, 1534400766494760962, 0, 'admin', '123456');
INSERT INTO `users_auths` VALUES (1534400766566064130, 1534400766494760962, 1, '25760304951@qq.com', '123456');
INSERT INTO `users_auths` VALUES (1534400766637367297, 1534400766566064131, 0, 'organizer', '123456');
INSERT INTO `users_auths` VALUES (1534400766637367298, 1534400766566064131, 1, '25760305052@qq.com', '123456');
INSERT INTO `users_auths` VALUES (1534400766696087554, 1534400766696087553, 0, '评委3', '123456');
INSERT INTO `users_auths` VALUES (1534400766759002114, 1534400766696087553, 1, '25760305153@qq.com', '123456');
INSERT INTO `users_auths` VALUES (1534400766826110978, 1534400766826110977, 0, '评委4', '123456');
INSERT INTO `users_auths` VALUES (1534400766826110979, 1534400766826110977, 1, '25760305254@qq.com', '123456');
INSERT INTO `users_auths` VALUES (1534400766893219842, 1534400766893219841, 0, '评委5', '123456');
INSERT INTO `users_auths` VALUES (1534400766960328705, 1534400766893219841, 1, '25760305355@qq.com', '123456');
INSERT INTO `users_auths` VALUES (1534400767027437570, 1534400767027437569, 0, '评委6', '123456');
INSERT INTO `users_auths` VALUES (1534400767027437571, 1534400767027437569, 1, '25760305456@qq.com', '123456');
INSERT INTO `users_auths` VALUES (1534400767094546435, 1534400767094546434, 0, '评委7', '123456');
INSERT INTO `users_auths` VALUES (1534400767157460994, 1534400767094546434, 1, '25760305557@qq.com', '123456');
INSERT INTO `users_auths` VALUES (1534400767224569857, 1534400767157460995, 0, '评委8', '123456');
INSERT INTO `users_auths` VALUES (1534400767224569858, 1534400767157460995, 1, '25760305658@qq.com', '123456');
INSERT INTO `users_auths` VALUES (1534400767350398977, 1534400767283290114, 0, '评委9', '123456');
INSERT INTO `users_auths` VALUES (1534400767350398978, 1534400767283290114, 1, '25760305759@qq.com', '123456');
INSERT INTO `users_auths` VALUES (1534400767413313538, 1534400767413313537, 0, '评委10', '123456');
INSERT INTO `users_auths` VALUES (1534400767413313539, 1534400767413313537, 1, '25760305860@qq.com', '123456');
INSERT INTO `users_auths` VALUES (1534413125229498370, 1534413125032366081, 0, 'rockjim', '123456');
INSERT INTO `users_auths` VALUES (1534413125422436353, 1534413125032366081, 1, '2576033098@qq.com', '123456');

-- ----------------------------
-- Table structure for works
-- ----------------------------
DROP TABLE IF EXISTS `works`;
CREATE TABLE `works`  (
  `id` bigint NOT NULL,
  `user_id` bigint NOT NULL,
  `competition_id` bigint NOT NULL,
  `title` varchar(255) CHARACTER SET utf8mb4 COLLATE utf8mb4_0900_ai_ci NULL DEFAULT NULL,
  `introduction` tinytext CHARACTER SET utf8mb4 COLLATE utf8mb4_0900_ai_ci NULL,
  `works_url` varchar(255) CHARACTER SET utf8mb4 COLLATE utf8mb4_0900_ai_ci NULL DEFAULT NULL,
  `score` float NULL DEFAULT 0,
  `submit_date` timestamp NULL DEFAULT NULL,
  `allocation` tinyint NULL DEFAULT 0,
  PRIMARY KEY (`id`) USING BTREE,
  INDEX `works_users_id`(`user_id` ASC) USING BTREE,
  INDEX `works_competition_id`(`competition_id` ASC) USING BTREE,
  CONSTRAINT `works_competition_id` FOREIGN KEY (`competition_id`) REFERENCES `competition` (`id`) ON DELETE RESTRICT ON UPDATE RESTRICT,
  CONSTRAINT `works_users_id` FOREIGN KEY (`user_id`) REFERENCES `users` (`id`) ON DELETE RESTRICT ON UPDATE RESTRICT
) ENGINE = InnoDB CHARACTER SET = utf8mb4 COLLATE = utf8mb4_0900_ai_ci ROW_FORMAT = Dynamic;

-- ----------------------------
-- Records of works
-- ----------------------------
INSERT INTO `works` VALUES (1534414985566900225, 1534413125032366081, 1534412515545468929, '测试作品', '测试作品', 'https://competition-website.oss-cn-nanjing.aliyuncs.com/competition/works/aaf51ac432bc426ca0b8bed0f63a2180.mp4', 96.6333, '2022-06-08 14:00:15', 2);

-- ----------------------------
-- Table structure for works_score
-- ----------------------------
DROP TABLE IF EXISTS `works_score`;
CREATE TABLE `works_score`  (
  `id` bigint NOT NULL,
  `user_id` bigint NOT NULL,
  `works_id` bigint NULL DEFAULT NULL,
  `score` float NULL DEFAULT NULL,
  `comment` varchar(255) CHARACTER SET utf8mb4 COLLATE utf8mb4_0900_ai_ci NULL DEFAULT NULL,
  `status` tinyint NULL DEFAULT 0,
  `date` timestamp NULL DEFAULT NULL,
  PRIMARY KEY (`id`) USING BTREE,
  INDEX `judge_id`(`user_id` ASC) USING BTREE,
  INDEX `works_id`(`works_id` ASC) USING BTREE,
  CONSTRAINT `judge_id` FOREIGN KEY (`user_id`) REFERENCES `users` (`id`) ON DELETE RESTRICT ON UPDATE RESTRICT,
  CONSTRAINT `works_id` FOREIGN KEY (`works_id`) REFERENCES `works` (`id`) ON DELETE RESTRICT ON UPDATE RESTRICT
) ENGINE = InnoDB CHARACTER SET = utf8mb4 COLLATE = utf8mb4_0900_ai_ci ROW_FORMAT = Dynamic;

-- ----------------------------
-- Records of works_score
-- ----------------------------
INSERT INTO `works_score` VALUES (1534415277687590914, 1534400766696087553, 1534414985566900225, 99.9, '很好', 1, '2022-06-08 14:02:18');
INSERT INTO `works_score` VALUES (1534415277687590915, 1534400766826110977, 1534414985566900225, 92, '的的', 1, '2022-06-08 14:02:52');
INSERT INTO `works_score` VALUES (1534415277687590916, 1534400766893219841, 1534414985566900225, 98, ' 大大大', 1, '2022-06-08 14:03:07');

SET FOREIGN_KEY_CHECKS = 1;
